"No.","Time","Source","Destination","Protocol","Length","Info"
"1","0.000000","104.18.32.47","192.168.1.40","TCP","1514","443  >  61146 [ACK] Seq=1 Ack=1 Win=53 Len=1460 [TCP PDU reassembled in 5]"
"2","0.002161","104.18.32.47","192.168.1.40","TCP","1514","443  >  61146 [PSH, ACK] Seq=1461 Ack=1 Win=53 Len=1460 [TCP PDU reassembled in 5]"
"3","0.002161","104.18.32.47","192.168.1.40","TCP","1514","443  >  61146 [ACK] Seq=2921 Ack=1 Win=53 Len=1460 [TCP PDU reassembled in 5]"
"4","0.002161","104.18.32.47","192.168.1.40","TCP","1514","443  >  61146 [PSH, ACK] Seq=4381 Ack=1 Win=53 Len=1460 [TCP PDU reassembled in 5]"
"5","0.002161","104.18.32.47","192.168.1.40","TLSv1.2","293","Application Data"
"6","0.002211","192.168.1.40","104.18.32.47","TCP","54","61146  >  443 [ACK] Seq=1 Ack=6080 Win=514 Len=0"
"7","0.003420","192.168.1.40","20.198.118.190","TLSv1.2","98","Application Data"
"8","0.042333","20.198.118.190","192.168.1.40","TLSv1.2","229","Application Data"
"9","0.097339","192.168.1.40","20.198.118.190","TCP","54","60191  >  443 [ACK] Seq=45 Ack=176 Win=514 Len=0"
"10","0.145498","104.18.32.47","192.168.1.40","TCP","1514","443  >  61146 [ACK] Seq=6080 Ack=1 Win=53 Len=1460 [TCP PDU reassembled in 14]"
"11","0.145498","104.18.32.47","192.168.1.40","TCP","1514","443  >  61146 [PSH, ACK] Seq=7540 Ack=1 Win=53 Len=1460 [TCP PDU reassembled in 14]"
"12","0.145498","104.18.32.47","192.168.1.40","TCP","1514","443  >  61146 [ACK] Seq=9000 Ack=1 Win=53 Len=1460 [TCP PDU reassembled in 14]"
"13","0.145498","104.18.32.47","192.168.1.40","TCP","1514","443  >  61146 [PSH, ACK] Seq=10460 Ack=1 Win=53 Len=1460 [TCP PDU reassembled in 14]"
"14","0.145498","104.18.32.47","192.168.1.40","TLSv1.2","293","Application Data"
"15","0.159977","104.18.32.47","192.168.1.40","TCP","1514","443  >  61146 [ACK] Seq=12159 Ack=1 Win=53 Len=1460 [TCP PDU reassembled in 19]"
"16","0.159977","104.18.32.47","192.168.1.40","TCP","1514","443  >  61146 [PSH, ACK] Seq=13619 Ack=1 Win=53 Len=1460 [TCP PDU reassembled in 19]"
"17","0.159977","104.18.32.47","192.168.1.40","TCP","1514","443  >  61146 [ACK] Seq=15079 Ack=1 Win=53 Len=1460 [TCP PDU reassembled in 19]"
"18","0.159977","104.18.32.47","192.168.1.40","TCP","1514","443  >  61146 [PSH, ACK] Seq=16539 Ack=1 Win=53 Len=1460 [TCP PDU reassembled in 19]"
"19","0.159977","104.18.32.47","192.168.1.40","TLSv1.2","293","Application Data"
"20","0.160051","192.168.1.40","104.18.32.47","TCP","54","61146  >  443 [ACK] Seq=1 Ack=18238 Win=514 Len=0"
"21","0.169218","104.18.32.47","192.168.1.40","TCP","1514","443  >  61146 [ACK] Seq=18238 Ack=1 Win=53 Len=1460 [TCP PDU reassembled in 25]"
"22","0.170474","104.18.32.47","192.168.1.40","TCP","1514","443  >  61146 [PSH, ACK] Seq=19698 Ack=1 Win=53 Len=1460 [TCP PDU reassembled in 25]"
"23","0.170474","104.18.32.47","192.168.1.40","TCP","1514","443  >  61146 [ACK] Seq=21158 Ack=1 Win=53 Len=1460 [TCP PDU reassembled in 25]"
"24","0.170474","104.18.32.47","192.168.1.40","TCP","1514","443  >  61146 [PSH, ACK] Seq=22618 Ack=1 Win=53 Len=1460 [TCP PDU reassembled in 25]"
"25","0.170474","104.18.32.47","192.168.1.40","TLSv1.2","325","Application Data"
"26","0.170550","192.168.1.40","104.18.32.47","TCP","54","61146  >  443 [ACK] Seq=1 Ack=24349 Win=514 Len=0"
"27","0.185139","104.18.32.47","192.168.1.40","TCP","1514","443  >  61146 [ACK] Seq=24349 Ack=1 Win=53 Len=1460 [TCP PDU reassembled in 31]"
"28","0.185139","104.18.32.47","192.168.1.40","TCP","1514","443  >  61146 [PSH, ACK] Seq=25809 Ack=1 Win=53 Len=1460 [TCP PDU reassembled in 31]"
"29","0.185139","104.18.32.47","192.168.1.40","TCP","1514","443  >  61146 [ACK] Seq=27269 Ack=1 Win=53 Len=1460 [TCP PDU reassembled in 31]"
"30","0.185139","104.18.32.47","192.168.1.40","TCP","1514","443  >  61146 [PSH, ACK] Seq=28729 Ack=1 Win=53 Len=1460 [TCP PDU reassembled in 31]"
"31","0.185139","104.18.32.47","192.168.1.40","TLSv1.2","326","Application Data"
"32","0.190640","104.18.32.47","192.168.1.40","TCP","1514","443  >  61146 [ACK] Seq=30461 Ack=1 Win=53 Len=1460 [TCP PDU reassembled in 36]"
"33","0.190640","104.18.32.47","192.168.1.40","TCP","1514","443  >  61146 [PSH, ACK] Seq=31921 Ack=1 Win=53 Len=1460 [TCP PDU reassembled in 36]"
"34","0.190640","104.18.32.47","192.168.1.40","TCP","1514","443  >  61146 [ACK] Seq=33381 Ack=1 Win=53 Len=1460 [TCP PDU reassembled in 36]"
"35","0.190640","104.18.32.47","192.168.1.40","TCP","1514","443  >  61146 [PSH, ACK] Seq=34841 Ack=1 Win=53 Len=1460 [TCP PDU reassembled in 36]"
"36","0.190640","104.18.32.47","192.168.1.40","TLSv1.2","326","Application Data"
"37","0.190761","192.168.1.40","104.18.32.47","TCP","54","61146  >  443 [ACK] Seq=1 Ack=36573 Win=514 Len=0"
"38","0.214852","104.18.32.47","192.168.1.40","TCP","1514","443  >  61146 [ACK] Seq=36573 Ack=1 Win=53 Len=1460 [TCP PDU reassembled in 42]"
"39","0.216491","104.18.32.47","192.168.1.40","TCP","1514","443  >  61146 [PSH, ACK] Seq=38033 Ack=1 Win=53 Len=1460 [TCP PDU reassembled in 42]"
"40","0.216491","104.18.32.47","192.168.1.40","TCP","1514","443  >  61146 [ACK] Seq=39493 Ack=1 Win=53 Len=1460 [TCP PDU reassembled in 42]"
"41","0.216491","104.18.32.47","192.168.1.40","TCP","1514","443  >  61146 [PSH, ACK] Seq=40953 Ack=1 Win=53 Len=1460 [TCP PDU reassembled in 42]"
"42","0.216491","104.18.32.47","192.168.1.40","TLSv1.2","326","Application Data"
"43","0.216732","192.168.1.40","104.18.32.47","TCP","54","61146  >  443 [ACK] Seq=1 Ack=42685 Win=514 Len=0"
"44","0.222688","202.241.199.104.bc.googleusercontent.com","192.168.1.40","TCP","65","4070  >  53070 [PSH, ACK] Seq=1 Ack=1 Win=6 Len=11"
"45","0.228104","104.18.32.47","192.168.1.40","TCP","1514","443  >  61146 [ACK] Seq=42685 Ack=1 Win=53 Len=1460 [TCP PDU reassembled in 49]"
"46","0.228104","104.18.32.47","192.168.1.40","TCP","1514","443  >  61146 [PSH, ACK] Seq=44145 Ack=1 Win=53 Len=1460 [TCP PDU reassembled in 49]"
"47","0.228104","104.18.32.47","192.168.1.40","TCP","1514","443  >  61146 [ACK] Seq=45605 Ack=1 Win=53 Len=1460 [TCP PDU reassembled in 49]"
"48","0.228104","104.18.32.47","192.168.1.40","TCP","1514","443  >  61146 [PSH, ACK] Seq=47065 Ack=1 Win=53 Len=1460 [TCP PDU reassembled in 49]"
"49","0.228104","104.18.32.47","192.168.1.40","TLSv1.2","326","Application Data"
"50","0.236491","104.18.32.47","192.168.1.40","TCP","1514","443  >  61146 [ACK] Seq=48797 Ack=1 Win=53 Len=1460 [TCP PDU reassembled in 54]"
"51","0.236491","104.18.32.47","192.168.1.40","TCP","1514","443  >  61146 [PSH, ACK] Seq=50257 Ack=1 Win=53 Len=1460 [TCP PDU reassembled in 54]"
"52","0.236491","104.18.32.47","192.168.1.40","TCP","1514","443  >  61146 [ACK] Seq=51717 Ack=1 Win=53 Len=1460 [TCP PDU reassembled in 54]"
"53","0.236491","104.18.32.47","192.168.1.40","TCP","1514","443  >  61146 [PSH, ACK] Seq=53177 Ack=1 Win=53 Len=1460 [TCP PDU reassembled in 54]"
"54","0.236491","104.18.32.47","192.168.1.40","TLSv1.2","326","Application Data"
"55","0.236666","192.168.1.40","104.18.32.47","TCP","54","61146  >  443 [ACK] Seq=1 Ack=54909 Win=514 Len=0"
"56","0.237821","104.18.32.47","192.168.1.40","TCP","1514","443  >  61146 [ACK] Seq=54909 Ack=1 Win=53 Len=1460 [TCP PDU reassembled in 60]"
"57","0.239793","104.18.32.47","192.168.1.40","TCP","1514","443  >  61146 [PSH, ACK] Seq=56369 Ack=1 Win=53 Len=1460 [TCP PDU reassembled in 60]"
"58","0.239793","104.18.32.47","192.168.1.40","TCP","1514","443  >  61146 [ACK] Seq=57829 Ack=1 Win=53 Len=1460 [TCP PDU reassembled in 60]"
"59","0.239793","104.18.32.47","192.168.1.40","TCP","1514","443  >  61146 [PSH, ACK] Seq=59289 Ack=1 Win=53 Len=1460 [TCP PDU reassembled in 60]"
"60","0.239793","104.18.32.47","192.168.1.40","TLSv1.2","326","Application Data"
"61","0.239846","192.168.1.40","104.18.32.47","TCP","54","61146  >  443 [ACK] Seq=1 Ack=61021 Win=514 Len=0"
"62","0.254460","104.18.32.47","192.168.1.40","TCP","1514","443  >  61146 [ACK] Seq=61021 Ack=1 Win=53 Len=1460 [TCP PDU reassembled in 66]"
"63","0.254460","104.18.32.47","192.168.1.40","TCP","1514","443  >  61146 [PSH, ACK] Seq=62481 Ack=1 Win=53 Len=1460 [TCP PDU reassembled in 66]"
"64","0.254460","104.18.32.47","192.168.1.40","TCP","1514","443  >  61146 [ACK] Seq=63941 Ack=1 Win=53 Len=1460 [TCP PDU reassembled in 66]"
"65","0.254460","104.18.32.47","192.168.1.40","TCP","1514","443  >  61146 [PSH, ACK] Seq=65401 Ack=1 Win=53 Len=1460 [TCP PDU reassembled in 66]"
"66","0.254460","104.18.32.47","192.168.1.40","TLSv1.2","326","Application Data"
"67","0.265937","104.18.32.47","192.168.1.40","TCP","1514","443  >  61146 [ACK] Seq=67133 Ack=1 Win=53 Len=1460 [TCP PDU reassembled in 71]"
"68","0.265937","104.18.32.47","192.168.1.40","TCP","1514","443  >  61146 [PSH, ACK] Seq=68593 Ack=1 Win=53 Len=1460 [TCP PDU reassembled in 71]"
"69","0.265937","104.18.32.47","192.168.1.40","TCP","1514","443  >  61146 [ACK] Seq=70053 Ack=1 Win=53 Len=1460 [TCP PDU reassembled in 71]"
"70","0.265937","104.18.32.47","192.168.1.40","TCP","1514","443  >  61146 [PSH, ACK] Seq=71513 Ack=1 Win=53 Len=1460 [TCP PDU reassembled in 71]"
"71","0.265937","104.18.32.47","192.168.1.40","TLSv1.2","326","Application Data"
"72","0.266127","192.168.1.40","104.18.32.47","TCP","54","61146  >  443 [ACK] Seq=1 Ack=73245 Win=514 Len=0"
"73","0.270241","192.168.1.40","202.241.199.104.bc.googleusercontent.com","TCP","54","53070  >  4070 [ACK] Seq=1 Ack=12 Win=510 Len=0"
"74","0.311505","104.18.32.47","192.168.1.40","TCP","1514","443  >  61146 [ACK] Seq=73245 Ack=1 Win=53 Len=1460 [TCP PDU reassembled in 78]"
"75","0.313543","104.18.32.47","192.168.1.40","TCP","1514","443  >  61146 [PSH, ACK] Seq=74705 Ack=1 Win=53 Len=1460 [TCP PDU reassembled in 78]"
"76","0.313543","104.18.32.47","192.168.1.40","TCP","1514","443  >  61146 [ACK] Seq=76165 Ack=1 Win=53 Len=1460 [TCP PDU reassembled in 78]"
"77","0.313543","104.18.32.47","192.168.1.40","TCP","1514","443  >  61146 [PSH, ACK] Seq=77625 Ack=1 Win=53 Len=1460 [TCP PDU reassembled in 78]"
"78","0.313543","104.18.32.47","192.168.1.40","TLSv1.2","359","Application Data"
"79","0.313725","192.168.1.40","104.18.32.47","TCP","54","61146  >  443 [ACK] Seq=1 Ack=79390 Win=514 Len=0"
"80","0.319200","192.168.1.40","mars.octa.edu","DNS","96","Standard query 0xad31 PTR 47.32.18.104.in-addr.arpa OPT"
"81","0.319258","192.168.1.40","mars.octa.edu","DNS","96","Standard query 0x3eb5 PTR 40.1.168.192.in-addr.arpa OPT"
"82","0.324984","104.18.32.47","192.168.1.40","TCP","1514","443  >  61146 [ACK] Seq=79390 Ack=1 Win=53 Len=1460 [TCP PDU reassembled in 86]"
"83","0.324984","104.18.32.47","192.168.1.40","TCP","1514","443  >  61146 [PSH, ACK] Seq=80850 Ack=1 Win=53 Len=1460 [TCP PDU reassembled in 86]"
"84","0.324984","104.18.32.47","192.168.1.40","TCP","1514","443  >  61146 [ACK] Seq=82310 Ack=1 Win=53 Len=1460 [TCP PDU reassembled in 86]"
"85","0.324984","104.18.32.47","192.168.1.40","TCP","1514","443  >  61146 [PSH, ACK] Seq=83770 Ack=1 Win=53 Len=1460 [TCP PDU reassembled in 86]"
"86","0.324984","104.18.32.47","192.168.1.40","TLSv1.2","359","Application Data"
"87","0.345804","104.18.32.47","192.168.1.40","TCP","1514","443  >  61146 [ACK] Seq=85535 Ack=1 Win=53 Len=1460 [TCP PDU reassembled in 91]"
"88","0.345804","104.18.32.47","192.168.1.40","TCP","1514","443  >  61146 [PSH, ACK] Seq=86995 Ack=1 Win=53 Len=1460 [TCP PDU reassembled in 91]"
"89","0.345804","104.18.32.47","192.168.1.40","TCP","1514","443  >  61146 [ACK] Seq=88455 Ack=1 Win=53 Len=1460 [TCP PDU reassembled in 91]"
"90","0.345804","104.18.32.47","192.168.1.40","TCP","1514","443  >  61146 [PSH, ACK] Seq=89915 Ack=1 Win=53 Len=1460 [TCP PDU reassembled in 91]"
"91","0.345804","104.18.32.47","192.168.1.40","TLSv1.2","359","Application Data"
"92","0.346007","192.168.1.40","104.18.32.47","TCP","54","61146  >  443 [ACK] Seq=1 Ack=91680 Win=514 Len=0"
"93","0.349070","mars.octa.edu","192.168.1.40","DNS","96","Standard query response 0x3eb5 No such name PTR 40.1.168.192.in-addr.arpa OPT"
"94","0.349070","mars.octa.edu","192.168.1.40","DNS","158","Standard query response 0xad31 No such name PTR 47.32.18.104.in-addr.arpa SOA cruz.ns.cloudflare.com OPT"
"95","0.477187","104.18.32.47","192.168.1.40","TCP","1514","443  >  61146 [ACK] Seq=91680 Ack=1 Win=53 Len=1460 [TCP PDU reassembled in 104]"
"96","0.477187","104.18.32.47","192.168.1.40","TCP","1514","443  >  61146 [PSH, ACK] Seq=93140 Ack=1 Win=53 Len=1460 [TCP PDU reassembled in 104]"
"97","0.477187","104.18.32.47","192.168.1.40","TCP","1514","443  >  61146 [ACK] Seq=94600 Ack=1 Win=53 Len=1460 [TCP PDU reassembled in 104]"
"98","0.477187","104.18.32.47","192.168.1.40","TCP","1514","443  >  61146 [PSH, ACK] Seq=96060 Ack=1 Win=53 Len=1460 [TCP PDU reassembled in 104]"
"99","0.477187","104.18.32.47","192.168.1.40","TCP","1514","443  >  61146 [ACK] Seq=97520 Ack=1 Win=53 Len=1460 [TCP PDU reassembled in 104]"
"100","0.477307","104.18.32.47","192.168.1.40","TCP","1514","443  >  61146 [PSH, ACK] Seq=98980 Ack=1 Win=53 Len=1460 [TCP PDU reassembled in 104]"
"101","0.477337","192.168.1.40","104.18.32.47","TCP","54","61146  >  443 [ACK] Seq=1 Ack=100440 Win=514 Len=0"
"102","0.479360","104.18.32.47","192.168.1.40","TCP","1514","443  >  61146 [ACK] Seq=100440 Ack=1 Win=53 Len=1460 [TCP PDU reassembled in 104]"
"103","0.479360","104.18.32.47","192.168.1.40","TCP","1514","443  >  61146 [PSH, ACK] Seq=101900 Ack=1 Win=53 Len=1460 [TCP PDU reassembled in 104]"
"104","0.479360","104.18.32.47","192.168.1.40","TLSv1.2","642","Application Data"
"105","0.521188","192.168.1.40","104.18.32.47","TCP","54","61146  >  443 [ACK] Seq=1 Ack=103948 Win=514 Len=0"
"106","0.524587","192.168.1.40","maa05s10-in-f3.1e100.net","TLSv1.2","303","Application Data"
"107","0.524642","192.168.1.40","maa05s10-in-f3.1e100.net","TLSv1.2","93","Application Data"
"108","0.533501","maa05s10-in-f3.1e100.net","192.168.1.40","TCP","60","443  >  61043 [ACK] Seq=1 Ack=250 Win=400 Len=0"
"109","0.533501","maa05s10-in-f3.1e100.net","192.168.1.40","TCP","60","443  >  61043 [ACK] Seq=1 Ack=289 Win=400 Len=0"
"110","0.533501","maa05s10-in-f3.1e100.net","192.168.1.40","TLSv1.2","93","Application Data"
"111","0.553140","104.18.32.47","192.168.1.40","TCP","1514","443  >  61146 [ACK] Seq=103948 Ack=1 Win=53 Len=1460 [TCP PDU reassembled in 115]"
"112","0.553140","104.18.32.47","192.168.1.40","TCP","1514","443  >  61146 [PSH, ACK] Seq=105408 Ack=1 Win=53 Len=1460 [TCP PDU reassembled in 115]"
"113","0.553140","104.18.32.47","192.168.1.40","TCP","1514","443  >  61146 [ACK] Seq=106868 Ack=1 Win=53 Len=1460 [TCP PDU reassembled in 115]"
"114","0.553140","104.18.32.47","192.168.1.40","TCP","1514","443  >  61146 [PSH, ACK] Seq=108328 Ack=1 Win=53 Len=1460 [TCP PDU reassembled in 115]"
"115","0.553140","104.18.32.47","192.168.1.40","TLSv1.2","359","Application Data"
"116","0.584217","192.168.1.40","maa05s10-in-f3.1e100.net","TCP","54","61043  >  443 [ACK] Seq=289 Ack=40 Win=512 Len=0"
"117","0.600409","192.168.1.40","104.18.32.47","TCP","54","61146  >  443 [ACK] Seq=1 Ack=110093 Win=514 Len=0"
"118","0.628092","104.18.32.47","192.168.1.40","TCP","1514","443  >  61146 [ACK] Seq=110093 Ack=1 Win=53 Len=1460 [TCP PDU reassembled in 122]"
"119","0.629617","104.18.32.47","192.168.1.40","TCP","1514","443  >  61146 [PSH, ACK] Seq=111553 Ack=1 Win=53 Len=1460 [TCP PDU reassembled in 122]"
"120","0.629617","104.18.32.47","192.168.1.40","TCP","1514","443  >  61146 [ACK] Seq=113013 Ack=1 Win=53 Len=1460 [TCP PDU reassembled in 122]"
"121","0.629617","104.18.32.47","192.168.1.40","TCP","1514","443  >  61146 [PSH, ACK] Seq=114473 Ack=1 Win=53 Len=1460 [TCP PDU reassembled in 122]"
"122","0.629617","104.18.32.47","192.168.1.40","TLSv1.2","391","Application Data"
"123","0.629877","192.168.1.40","104.18.32.47","TCP","54","61146  >  443 [ACK] Seq=1 Ack=116270 Win=514 Len=0"
"124","0.633817","maa05s10-in-f3.1e100.net","192.168.1.40","TLSv1.2","115","Application Data"
"125","0.633817","maa05s10-in-f3.1e100.net","192.168.1.40","TLSv1.2","1466","Application Data"
"126","0.633817","maa05s10-in-f3.1e100.net","192.168.1.40","TLSv1.2","497","Application Data"
"127","0.633817","maa05s10-in-f3.1e100.net","192.168.1.40","TLSv1.2","93","Application Data"
"128","0.640982","192.168.1.40","maa05s10-in-f3.1e100.net","TLSv1.2","89","Application Data"
"129","0.641167","192.168.1.40","maa05s10-in-f3.1e100.net","TLSv1.2","128","Application Data, Application Data"
"130","0.650432","maa05s10-in-f3.1e100.net","192.168.1.40","TCP","60","443  >  61043 [ACK] Seq=1995 Ack=398 Win=400 Len=0"
"131","0.695821","192.168.1.40","sg-in-f188.1e100.net","TCP","55","53052  >  5228 [ACK] Seq=1 Ack=1 Win=507 Len=1"
"132","0.721101","104.18.32.47","192.168.1.40","TCP","1514","443  >  61146 [ACK] Seq=116270 Ack=1 Win=53 Len=1460 [TCP PDU reassembled in 136]"
"133","0.721101","104.18.32.47","192.168.1.40","TCP","1514","443  >  61146 [PSH, ACK] Seq=117730 Ack=1 Win=53 Len=1460 [TCP PDU reassembled in 136]"
"134","0.721101","104.18.32.47","192.168.1.40","TCP","1514","443  >  61146 [ACK] Seq=119190 Ack=1 Win=53 Len=1460 [TCP PDU reassembled in 136]"
"135","0.721101","104.18.32.47","192.168.1.40","TCP","1514","443  >  61146 [PSH, ACK] Seq=120650 Ack=1 Win=53 Len=1460 [TCP PDU reassembled in 136]"
"136","0.721101","104.18.32.47","192.168.1.40","TLSv1.2","391","Application Data"
"137","0.727212","104.18.32.47","192.168.1.40","TCP","1514","443  >  61146 [ACK] Seq=122447 Ack=1 Win=53 Len=1460 [TCP PDU reassembled in 142]"
"138","0.727212","104.18.32.47","192.168.1.40","TCP","1514","443  >  61146 [PSH, ACK] Seq=123907 Ack=1 Win=53 Len=1460 [TCP PDU reassembled in 142]"
"139","0.727449","192.168.1.40","104.18.32.47","TCP","54","61146  >  443 [ACK] Seq=1 Ack=125367 Win=514 Len=0"
"140","0.727523","104.18.32.47","192.168.1.40","TCP","1514","443  >  61146 [ACK] Seq=125367 Ack=1 Win=53 Len=1460 [TCP PDU reassembled in 142]"
"141","0.727523","104.18.32.47","192.168.1.40","TCP","1514","443  >  61146 [PSH, ACK] Seq=126827 Ack=1 Win=53 Len=1460 [TCP PDU reassembled in 142]"
"142","0.727523","104.18.32.47","192.168.1.40","TLSv1.2","391","Application Data"
"143","0.736279","sg-in-f188.1e100.net","192.168.1.40","TCP","66","5228  >  53052 [ACK] Seq=1 Ack=2 Win=290 Len=0 SLE=1 SRE=2"
"144","0.774260","192.168.1.40","104.18.32.47","TCP","54","61146  >  443 [ACK] Seq=1 Ack=128624 Win=514 Len=0"
"145","0.792652","104.18.32.47","192.168.1.40","TCP","1514","443  >  61146 [ACK] Seq=128624 Ack=1 Win=53 Len=1460 [TCP PDU reassembled in 149]"
"146","0.792652","104.18.32.47","192.168.1.40","TCP","1514","443  >  61146 [PSH, ACK] Seq=130084 Ack=1 Win=53 Len=1460 [TCP PDU reassembled in 149]"
"147","0.792652","104.18.32.47","192.168.1.40","TCP","1514","443  >  61146 [ACK] Seq=131544 Ack=1 Win=53 Len=1460 [TCP PDU reassembled in 149]"
"148","0.792652","104.18.32.47","192.168.1.40","TCP","1514","443  >  61146 [PSH, ACK] Seq=133004 Ack=1 Win=53 Len=1460 [TCP PDU reassembled in 149]"
"149","0.792652","104.18.32.47","192.168.1.40","TLSv1.2","391","Application Data"
"150","0.829043","104.18.32.47","192.168.1.40","TCP","1514","443  >  61146 [ACK] Seq=134801 Ack=1 Win=53 Len=1460 [TCP PDU reassembled in 155]"
"151","0.829043","104.18.32.47","192.168.1.40","TCP","1514","443  >  61146 [PSH, ACK] Seq=136261 Ack=1 Win=53 Len=1460 [TCP PDU reassembled in 155]"
"152","0.829043","104.18.32.47","192.168.1.40","TCP","1514","443  >  61146 [ACK] Seq=137721 Ack=1 Win=53 Len=1460 [TCP PDU reassembled in 155]"
"153","0.829154","192.168.1.40","104.18.32.47","TCP","54","61146  >  443 [ACK] Seq=1 Ack=139181 Win=514 Len=0"
"154","0.829606","104.18.32.47","192.168.1.40","TCP","1514","443  >  61146 [PSH, ACK] Seq=139181 Ack=1 Win=53 Len=1460 [TCP PDU reassembled in 155]"
"155","0.829705","104.18.32.47","192.168.1.40","TLSv1.2","391","Application Data"
"156","0.829767","192.168.1.40","104.18.32.47","TCP","54","61146  >  443 [ACK] Seq=1 Ack=140978 Win=514 Len=0"
"157","0.938018","104.18.32.47","192.168.1.40","TCP","1514","443  >  61146 [ACK] Seq=140978 Ack=1 Win=53 Len=1460 [TCP PDU reassembled in 161]"
"158","0.938018","104.18.32.47","192.168.1.40","TCP","1514","443  >  61146 [PSH, ACK] Seq=142438 Ack=1 Win=53 Len=1460 [TCP PDU reassembled in 161]"
"159","0.938018","104.18.32.47","192.168.1.40","TCP","1514","443  >  61146 [ACK] Seq=143898 Ack=1 Win=53 Len=1460 [TCP PDU reassembled in 161]"
"160","0.938018","104.18.32.47","192.168.1.40","TCP","1514","443  >  61146 [PSH, ACK] Seq=145358 Ack=1 Win=53 Len=1460 [TCP PDU reassembled in 161]"
"161","0.938018","104.18.32.47","192.168.1.40","TLSv1.2","391","Application Data"
"162","0.943261","104.18.32.47","192.168.1.40","TCP","1514","443  >  61146 [ACK] Seq=147155 Ack=1 Win=53 Len=1460 [TCP PDU reassembled in 168]"
"163","0.943487","192.168.1.40","104.18.32.47","TCP","54","61146  >  443 [ACK] Seq=1 Ack=148615 Win=514 Len=0"
"164","0.945294","104.18.32.47","192.168.1.40","TCP","1514","443  >  61146 [PSH, ACK] Seq=148615 Ack=1 Win=53 Len=1460 [TCP PDU reassembled in 168]"
"165","0.945904","104.18.32.47","192.168.1.40","TCP","1514","443  >  61146 [ACK] Seq=150075 Ack=1 Win=53 Len=1460 [TCP PDU reassembled in 168]"
"166","0.946056","192.168.1.40","104.18.32.47","TCP","54","61146  >  443 [ACK] Seq=1 Ack=151535 Win=514 Len=0"
"167","0.946105","104.18.32.47","192.168.1.40","TCP","1514","443  >  61146 [PSH, ACK] Seq=151535 Ack=1 Win=53 Len=1460 [TCP PDU reassembled in 168]"
"168","0.946162","104.18.32.47","192.168.1.40","TLSv1.2","391","Application Data"
"169","0.946208","192.168.1.40","104.18.32.47","TCP","54","61146  >  443 [ACK] Seq=1 Ack=153332 Win=514 Len=0"
"170","0.989757","104.18.32.47","192.168.1.40","TCP","1514","443  >  61146 [ACK] Seq=153332 Ack=1 Win=53 Len=1460 [TCP PDU reassembled in 174]"
"171","0.989757","104.18.32.47","192.168.1.40","TCP","1514","443  >  61146 [PSH, ACK] Seq=154792 Ack=1 Win=53 Len=1460 [TCP PDU reassembled in 174]"
"172","0.989757","104.18.32.47","192.168.1.40","TCP","1514","443  >  61146 [ACK] Seq=156252 Ack=1 Win=53 Len=1460 [TCP PDU reassembled in 174]"
"173","0.989757","104.18.32.47","192.168.1.40","TCP","1514","443  >  61146 [PSH, ACK] Seq=157712 Ack=1 Win=53 Len=1460 [TCP PDU reassembled in 174]"
"174","0.989757","104.18.32.47","192.168.1.40","TLSv1.2","423","Application Data"
"175","1.040842","192.168.1.40","104.18.32.47","TCP","54","61146  >  443 [ACK] Seq=1 Ack=159541 Win=514 Len=0"
"176","1.048657","104.18.32.47","192.168.1.40","TCP","1514","443  >  61146 [ACK] Seq=159541 Ack=1 Win=53 Len=1460 [TCP PDU reassembled in 181]"
"177","1.048657","104.18.32.47","192.168.1.40","TCP","1514","443  >  61146 [PSH, ACK] Seq=161001 Ack=1 Win=53 Len=1460 [TCP PDU reassembled in 181]"
"178","1.048657","104.18.32.47","192.168.1.40","TCP","1514","443  >  61146 [ACK] Seq=162461 Ack=1 Win=53 Len=1460 [TCP PDU reassembled in 181]"
"179","1.049239","104.18.32.47","192.168.1.40","TCP","1514","443  >  61146 [PSH, ACK] Seq=163921 Ack=1 Win=53 Len=1460 [TCP PDU reassembled in 181]"
"180","1.049375","192.168.1.40","104.18.32.47","TCP","54","61146  >  443 [ACK] Seq=1 Ack=165381 Win=514 Len=0"
"181","1.049429","104.18.32.47","192.168.1.40","TLSv1.2","423","Application Data"
"182","1.103899","192.168.1.40","104.18.32.47","TCP","54","61146  >  443 [ACK] Seq=1 Ack=165750 Win=512 Len=0"
"183","1.105369","104.18.32.47","192.168.1.40","TCP","1514","443  >  61146 [ACK] Seq=165750 Ack=1 Win=53 Len=1460 [TCP PDU reassembled in 187]"
"184","1.107582","104.18.32.47","192.168.1.40","TCP","1514","443  >  61146 [PSH, ACK] Seq=167210 Ack=1 Win=53 Len=1460 [TCP PDU reassembled in 187]"
"185","1.107582","104.18.32.47","192.168.1.40","TCP","1514","443  >  61146 [ACK] Seq=168670 Ack=1 Win=53 Len=1460 [TCP PDU reassembled in 187]"
"186","1.107582","104.18.32.47","192.168.1.40","TCP","1514","443  >  61146 [PSH, ACK] Seq=170130 Ack=1 Win=53 Len=1460 [TCP PDU reassembled in 187]"
"187","1.107582","104.18.32.47","192.168.1.40","TLSv1.2","423","Application Data"
"188","1.107700","192.168.1.40","104.18.32.47","TCP","54","61146  >  443 [ACK] Seq=1 Ack=171959 Win=514 Len=0"
"189","1.192940","104.18.32.47","192.168.1.40","TCP","1514","443  >  61146 [ACK] Seq=171959 Ack=1 Win=53 Len=1460 [TCP PDU reassembled in 193]"
"190","1.192940","104.18.32.47","192.168.1.40","TCP","1514","443  >  61146 [PSH, ACK] Seq=173419 Ack=1 Win=53 Len=1460 [TCP PDU reassembled in 193]"
"191","1.192940","104.18.32.47","192.168.1.40","TCP","1514","443  >  61146 [ACK] Seq=174879 Ack=1 Win=53 Len=1460 [TCP PDU reassembled in 193]"
"192","1.192940","104.18.32.47","192.168.1.40","TCP","1514","443  >  61146 [PSH, ACK] Seq=176339 Ack=1 Win=53 Len=1460 [TCP PDU reassembled in 193]"
"193","1.192940","104.18.32.47","192.168.1.40","TLSv1.2","423","Application Data"
"194","1.245097","192.168.1.40","104.18.32.47","TCP","54","61146  >  443 [ACK] Seq=1 Ack=178168 Win=514 Len=0"
"195","1.285087","104.18.32.47","192.168.1.40","TCP","1514","443  >  61146 [ACK] Seq=178168 Ack=1 Win=53 Len=1460 [TCP PDU reassembled in 199]"
"196","1.285087","104.18.32.47","192.168.1.40","TCP","1514","443  >  61146 [PSH, ACK] Seq=179628 Ack=1 Win=53 Len=1460 [TCP PDU reassembled in 199]"
"197","1.285087","104.18.32.47","192.168.1.40","TCP","1514","443  >  61146 [ACK] Seq=181088 Ack=1 Win=53 Len=1460 [TCP PDU reassembled in 199]"
"198","1.285087","104.18.32.47","192.168.1.40","TCP","1514","443  >  61146 [PSH, ACK] Seq=182548 Ack=1 Win=53 Len=1460 [TCP PDU reassembled in 199]"
"199","1.285087","104.18.32.47","192.168.1.40","TLSv1.2","423","Application Data"
"200","1.309548","192.168.1.40","mars.octa.edu","DNS","99","Standard query 0xb647 PTR 202.241.199.104.in-addr.arpa OPT"
"201","1.309786","192.168.1.40","mars.octa.edu","DNS","93","Standard query 0x16a5 PTR 41.0.0.10.in-addr.arpa OPT"
"202","1.309839","192.168.1.40","mars.octa.edu","DNS","98","Standard query 0xa4d7 PTR 131.200.58.216.in-addr.arpa OPT"
"203","1.309885","192.168.1.40","mars.octa.edu","DNS","98","Standard query 0x5387 PTR 188.170.233.64.in-addr.arpa OPT"
"204","1.316651","mars.octa.edu","192.168.1.40","DNS","120","Standard query response 0x16a5 PTR 41.0.0.10.in-addr.arpa PTR mars.octa.edu OPT"
"205","1.339490","192.168.1.40","104.18.32.47","TCP","54","61146  >  443 [ACK] Seq=1 Ack=184377 Win=514 Len=0"
"206","1.346056","mars.octa.edu","192.168.1.40","DNS","136","Standard query response 0xa4d7 PTR 131.200.58.216.in-addr.arpa PTR maa05s10-in-f3.1e100.net OPT"
"207","1.346056","mars.octa.edu","192.168.1.40","DNS","132","Standard query response 0x5387 PTR 188.170.233.64.in-addr.arpa PTR sg-in-f188.1e100.net OPT"
"208","1.346056","mars.octa.edu","192.168.1.40","DNS","153","Standard query response 0xb647 PTR 202.241.199.104.in-addr.arpa PTR 202.241.199.104.bc.googleusercontent.com OPT"
"209","1.411460","104.18.32.47","192.168.1.40","TCP","1514","443  >  61146 [ACK] Seq=184377 Ack=1 Win=53 Len=1460 [TCP PDU reassembled in 213]"
"210","1.411460","104.18.32.47","192.168.1.40","TCP","1514","443  >  61146 [PSH, ACK] Seq=185837 Ack=1 Win=53 Len=1460 [TCP PDU reassembled in 213]"
"211","1.411460","104.18.32.47","192.168.1.40","TCP","1514","443  >  61146 [ACK] Seq=187297 Ack=1 Win=53 Len=1460 [TCP PDU reassembled in 213]"
"212","1.411460","104.18.32.47","192.168.1.40","TCP","1514","443  >  61146 [PSH, ACK] Seq=188757 Ack=1 Win=53 Len=1460 [TCP PDU reassembled in 213]"
"213","1.411460","104.18.32.47","192.168.1.40","TLSv1.2","423","Application Data"
"214","1.419147","192.168.1.40","104.18.32.47","TLSv1.2","89","Application Data"
"215","1.453565","104.18.32.47","192.168.1.40","TCP","60","443  >  61146 [ACK] Seq=190586 Ack=36 Win=53 Len=0"
"216","1.543481","104.18.32.47","192.168.1.40","TCP","1514","443  >  61146 [ACK] Seq=190586 Ack=36 Win=53 Len=1460 [TCP PDU reassembled in 220]"
"217","1.543481","104.18.32.47","192.168.1.40","TCP","1514","443  >  61146 [PSH, ACK] Seq=192046 Ack=36 Win=53 Len=1460 [TCP PDU reassembled in 220]"
"218","1.543481","104.18.32.47","192.168.1.40","TCP","1514","443  >  61146 [ACK] Seq=193506 Ack=36 Win=53 Len=1460 [TCP PDU reassembled in 220]"
"219","1.543481","104.18.32.47","192.168.1.40","TCP","1514","443  >  61146 [PSH, ACK] Seq=194966 Ack=36 Win=53 Len=1460 [TCP PDU reassembled in 220]"
"220","1.543481","104.18.32.47","192.168.1.40","TLSv1.2","423","Application Data"
"221","1.546113","104.18.32.47","192.168.1.40","TCP","1514","443  >  61146 [ACK] Seq=196795 Ack=36 Win=53 Len=1460 [TCP PDU reassembled in 225]"
"222","1.546113","104.18.32.47","192.168.1.40","TCP","1514","443  >  61146 [PSH, ACK] Seq=198255 Ack=36 Win=53 Len=1460 [TCP PDU reassembled in 225]"
"223","1.546113","104.18.32.47","192.168.1.40","TCP","1514","443  >  61146 [ACK] Seq=199715 Ack=36 Win=53 Len=1460 [TCP PDU reassembled in 225]"
"224","1.546113","104.18.32.47","192.168.1.40","TCP","1514","443  >  61146 [PSH, ACK] Seq=201175 Ack=36 Win=53 Len=1460 [TCP PDU reassembled in 225]"
"225","1.546113","104.18.32.47","192.168.1.40","TLSv1.2","423","Application Data"
"226","1.546410","192.168.1.40","104.18.32.47","TCP","54","61146  >  443 [ACK] Seq=36 Ack=203004 Win=514 Len=0"
"227","1.572373","104.18.32.47","192.168.1.40","TCP","1514","443  >  61146 [ACK] Seq=203004 Ack=36 Win=53 Len=1460 [TCP PDU reassembled in 232]"
"228","1.572373","104.18.32.47","192.168.1.40","TCP","1514","443  >  61146 [PSH, ACK] Seq=204464 Ack=36 Win=53 Len=1460 [TCP PDU reassembled in 232]"
"229","1.572373","104.18.32.47","192.168.1.40","TCP","1514","443  >  61146 [ACK] Seq=205924 Ack=36 Win=53 Len=1460 [TCP PDU reassembled in 232]"
"230","1.573052","104.18.32.47","192.168.1.40","TCP","1514","443  >  61146 [PSH, ACK] Seq=207384 Ack=36 Win=53 Len=1460 [TCP PDU reassembled in 232]"
"231","1.573174","192.168.1.40","104.18.32.47","TCP","54","61146  >  443 [ACK] Seq=36 Ack=208844 Win=514 Len=0"
"232","1.573229","104.18.32.47","192.168.1.40","TLSv1.2","455","Application Data"
"233","1.622299","192.168.1.40","104.18.32.47","TCP","54","61146  >  443 [ACK] Seq=36 Ack=209245 Win=512 Len=0"
"234","1.654093","192.168.1.40","104.18.32.47","TCP","55","61158  >  443 [ACK] Seq=1 Ack=1 Win=511 Len=1 [TCP PDU reassembled in 444]"
"235","1.663735","104.18.32.47","192.168.1.40","TCP","1514","443  >  61146 [ACK] Seq=209245 Ack=36 Win=53 Len=1460 [TCP PDU reassembled in 239]"
"236","1.663735","104.18.32.47","192.168.1.40","TCP","1514","443  >  61146 [PSH, ACK] Seq=210705 Ack=36 Win=53 Len=1460 [TCP PDU reassembled in 239]"
"237","1.663735","104.18.32.47","192.168.1.40","TCP","1514","443  >  61146 [ACK] Seq=212165 Ack=36 Win=53 Len=1460 [TCP PDU reassembled in 239]"
"238","1.663735","104.18.32.47","192.168.1.40","TCP","1514","443  >  61146 [PSH, ACK] Seq=213625 Ack=36 Win=53 Len=1460 [TCP PDU reassembled in 239]"
"239","1.663735","104.18.32.47","192.168.1.40","TLSv1.2","455","Application Data"
"240","1.689636","104.18.32.47","192.168.1.40","TCP","66","443  >  61158 [ACK] Seq=1 Ack=2 Win=24 Len=0 SLE=1 SRE=2"
"241","1.716631","192.168.1.40","104.18.32.47","TCP","54","61146  >  443 [ACK] Seq=36 Ack=215486 Win=514 Len=0"
"242","1.757125","104.18.32.47","192.168.1.40","TCP","1514","443  >  61146 [ACK] Seq=215486 Ack=36 Win=53 Len=1460 [TCP PDU reassembled in 246]"
"243","1.757125","104.18.32.47","192.168.1.40","TCP","1514","443  >  61146 [PSH, ACK] Seq=216946 Ack=36 Win=53 Len=1460 [TCP PDU reassembled in 246]"
"244","1.757125","104.18.32.47","192.168.1.40","TCP","1514","443  >  61146 [ACK] Seq=218406 Ack=36 Win=53 Len=1460 [TCP PDU reassembled in 246]"
"245","1.757125","104.18.32.47","192.168.1.40","TCP","1514","443  >  61146 [PSH, ACK] Seq=219866 Ack=36 Win=53 Len=1460 [TCP PDU reassembled in 246]"
"246","1.757125","104.18.32.47","192.168.1.40","TLSv1.2","455","Application Data"
"247","1.810960","192.168.1.40","104.18.32.47","TCP","54","61146  >  443 [ACK] Seq=36 Ack=221727 Win=514 Len=0"
"248","1.837700","104.18.32.47","192.168.1.40","TCP","1514","443  >  61146 [ACK] Seq=221727 Ack=36 Win=53 Len=1460 [TCP PDU reassembled in 252]"
"249","1.837700","104.18.32.47","192.168.1.40","TCP","1514","443  >  61146 [PSH, ACK] Seq=223187 Ack=36 Win=53 Len=1460 [TCP PDU reassembled in 252]"
"250","1.837700","104.18.32.47","192.168.1.40","TCP","1514","443  >  61146 [ACK] Seq=224647 Ack=36 Win=53 Len=1460 [TCP PDU reassembled in 252]"
"251","1.837700","104.18.32.47","192.168.1.40","TCP","1514","443  >  61146 [PSH, ACK] Seq=226107 Ack=36 Win=53 Len=1460 [TCP PDU reassembled in 252]"
"252","1.837700","104.18.32.47","192.168.1.40","TLSv1.2","455","Application Data"
"253","1.842610","192.168.1.40","104.18.32.47","TLSv1.2","89","Application Data"
"254","1.874057","104.18.32.47","192.168.1.40","TCP","60","443  >  61146 [ACK] Seq=227968 Ack=71 Win=53 Len=0"
"255","1.936992","104.18.32.47","192.168.1.40","TCP","1514","443  >  61146 [ACK] Seq=227968 Ack=71 Win=53 Len=1460 [TCP PDU reassembled in 259]"
"256","1.936992","104.18.32.47","192.168.1.40","TCP","1514","443  >  61146 [PSH, ACK] Seq=229428 Ack=71 Win=53 Len=1460 [TCP PDU reassembled in 259]"
"257","1.936992","104.18.32.47","192.168.1.40","TCP","1514","443  >  61146 [ACK] Seq=230888 Ack=71 Win=53 Len=1460 [TCP PDU reassembled in 259]"
"258","1.936992","104.18.32.47","192.168.1.40","TCP","1514","443  >  61146 [PSH, ACK] Seq=232348 Ack=71 Win=53 Len=1460 [TCP PDU reassembled in 259]"
"259","1.936992","104.18.32.47","192.168.1.40","TLSv1.2","455","Application Data"
"260","1.983839","192.168.1.40","104.18.32.47","TCP","54","61146  >  443 [ACK] Seq=71 Ack=234209 Win=514 Len=0"
"261","2.034921","104.18.32.47","192.168.1.40","TLSv1.2","130","Application Data"
"262","2.078112","192.168.1.40","104.18.32.47","TCP","54","61146  >  443 [ACK] Seq=71 Ack=234285 Win=513 Len=0"
"263","2.078372","104.18.32.47","192.168.1.40","TCP","1514","443  >  61146 [ACK] Seq=234285 Ack=71 Win=53 Len=1460 [TCP PDU reassembled in 267]"
"264","2.078372","104.18.32.47","192.168.1.40","TCP","1514","443  >  61146 [PSH, ACK] Seq=235745 Ack=71 Win=53 Len=1460 [TCP PDU reassembled in 267]"
"265","2.078372","104.18.32.47","192.168.1.40","TCP","1514","443  >  61146 [ACK] Seq=237205 Ack=71 Win=53 Len=1460 [TCP PDU reassembled in 267]"
"266","2.078372","104.18.32.47","192.168.1.40","TCP","1514","443  >  61146 [PSH, ACK] Seq=238665 Ack=71 Win=53 Len=1460 [TCP PDU reassembled in 267]"
"267","2.078372","104.18.32.47","192.168.1.40","TLSv1.2","455","Application Data"
"268","2.125075","192.168.1.40","104.18.32.47","TCP","54","61146  >  443 [ACK] Seq=71 Ack=240526 Win=514 Len=0"
"269","2.176256","104.18.32.47","192.168.1.40","TCP","1514","443  >  61146 [ACK] Seq=240526 Ack=71 Win=53 Len=1460 [TCP PDU reassembled in 273]"
"270","2.177445","104.18.32.47","192.168.1.40","TCP","1514","443  >  61146 [PSH, ACK] Seq=241986 Ack=71 Win=53 Len=1460 [TCP PDU reassembled in 273]"
"271","2.177445","104.18.32.47","192.168.1.40","TCP","1514","443  >  61146 [ACK] Seq=243446 Ack=71 Win=53 Len=1460 [TCP PDU reassembled in 273]"
"272","2.177445","104.18.32.47","192.168.1.40","TCP","1514","443  >  61146 [PSH, ACK] Seq=244906 Ack=71 Win=53 Len=1460 [TCP PDU reassembled in 273]"
"273","2.177445","104.18.32.47","192.168.1.40","TLSv1.2","487","Application Data"
"274","2.177664","192.168.1.40","104.18.32.47","TCP","54","61146  >  443 [ACK] Seq=71 Ack=246799 Win=514 Len=0"
"275","2.488518","104.18.32.47","192.168.1.40","TCP","1514","443  >  61146 [ACK] Seq=246799 Ack=71 Win=53 Len=1460 [TCP PDU reassembled in 279]"
"276","2.488518","104.18.32.47","192.168.1.40","TCP","1514","443  >  61146 [PSH, ACK] Seq=248259 Ack=71 Win=53 Len=1460 [TCP PDU reassembled in 279]"
"277","2.488518","104.18.32.47","192.168.1.40","TCP","1514","443  >  61146 [ACK] Seq=249719 Ack=71 Win=53 Len=1460 [TCP PDU reassembled in 279]"
"278","2.488518","104.18.32.47","192.168.1.40","TCP","1514","443  >  61146 [PSH, ACK] Seq=251179 Ack=71 Win=53 Len=1460 [TCP PDU reassembled in 279]"
"279","2.488518","104.18.32.47","192.168.1.40","TLSv1.2","487","Application Data"
"280","2.533808","192.168.1.40","104.18.32.47","TCP","54","61146  >  443 [ACK] Seq=71 Ack=253072 Win=514 Len=0"
"281","2.536280","104.18.32.47","192.168.1.40","TCP","1514","443  >  61146 [ACK] Seq=253072 Ack=71 Win=53 Len=1460 [TCP PDU reassembled in 285]"
"282","2.536280","104.18.32.47","192.168.1.40","TCP","1514","443  >  61146 [PSH, ACK] Seq=254532 Ack=71 Win=53 Len=1460 [TCP PDU reassembled in 285]"
"283","2.536280","104.18.32.47","192.168.1.40","TCP","1514","443  >  61146 [ACK] Seq=255992 Ack=71 Win=53 Len=1460 [TCP PDU reassembled in 285]"
"284","2.536280","104.18.32.47","192.168.1.40","TCP","1514","443  >  61146 [PSH, ACK] Seq=257452 Ack=71 Win=53 Len=1460 [TCP PDU reassembled in 285]"
"285","2.536280","104.18.32.47","192.168.1.40","TLSv1.2","487","Application Data"
"286","2.552741","104.18.32.47","192.168.1.40","TCP","1514","443  >  61146 [ACK] Seq=259345 Ack=71 Win=53 Len=1460 [TCP PDU reassembled in 291]"
"287","2.552948","192.168.1.40","104.18.32.47","TCP","54","61146  >  443 [ACK] Seq=71 Ack=260805 Win=514 Len=0"
"288","2.553540","104.18.32.47","192.168.1.40","TCP","1514","443  >  61146 [PSH, ACK] Seq=260805 Ack=71 Win=53 Len=1460 [TCP PDU reassembled in 291]"
"289","2.553540","104.18.32.47","192.168.1.40","TCP","1514","443  >  61146 [ACK] Seq=262265 Ack=71 Win=53 Len=1460 [TCP PDU reassembled in 291]"
"290","2.553540","104.18.32.47","192.168.1.40","TCP","1514","443  >  61146 [PSH, ACK] Seq=263725 Ack=71 Win=53 Len=1460 [TCP PDU reassembled in 291]"
"291","2.553540","104.18.32.47","192.168.1.40","TLSv1.2","487","Application Data"
"292","2.596669","192.168.1.40","104.18.32.47","TCP","54","61146  >  443 [ACK] Seq=71 Ack=265618 Win=514 Len=0"
"293","2.597771","104.18.32.47","192.168.1.40","TCP","1514","443  >  61146 [ACK] Seq=265618 Ack=71 Win=53 Len=1460 [TCP PDU reassembled in 297]"
"294","2.597771","104.18.32.47","192.168.1.40","TCP","1514","443  >  61146 [PSH, ACK] Seq=267078 Ack=71 Win=53 Len=1460 [TCP PDU reassembled in 297]"
"295","2.597771","104.18.32.47","192.168.1.40","TCP","1514","443  >  61146 [ACK] Seq=268538 Ack=71 Win=53 Len=1460 [TCP PDU reassembled in 297]"
"296","2.597771","104.18.32.47","192.168.1.40","TCP","1514","443  >  61146 [PSH, ACK] Seq=269998 Ack=71 Win=53 Len=1460 [TCP PDU reassembled in 297]"
"297","2.597771","104.18.32.47","192.168.1.40","TLSv1.2","519","Application Data"
"298","2.602490","104.18.32.47","192.168.1.40","TCP","1514","443  >  61146 [ACK] Seq=271923 Ack=71 Win=53 Len=1460 [TCP PDU reassembled in 302]"
"299","2.602490","104.18.32.47","192.168.1.40","TCP","1514","443  >  61146 [PSH, ACK] Seq=273383 Ack=71 Win=53 Len=1460 [TCP PDU reassembled in 302]"
"300","2.602490","104.18.32.47","192.168.1.40","TCP","1514","443  >  61146 [ACK] Seq=274843 Ack=71 Win=53 Len=1460 [TCP PDU reassembled in 302]"
"301","2.602490","104.18.32.47","192.168.1.40","TCP","1514","443  >  61146 [PSH, ACK] Seq=276303 Ack=71 Win=53 Len=1460 [TCP PDU reassembled in 302]"
"302","2.602490","104.18.32.47","192.168.1.40","TLSv1.2","519","Application Data"
"303","2.602561","192.168.1.40","104.18.32.47","TCP","54","61146  >  443 [ACK] Seq=71 Ack=278228 Win=514 Len=0"
"304","2.637351","104.18.32.47","192.168.1.40","TCP","1514","443  >  61146 [ACK] Seq=278228 Ack=71 Win=53 Len=1460 [TCP PDU reassembled in 308]"
"305","2.637351","104.18.32.47","192.168.1.40","TCP","1514","443  >  61146 [PSH, ACK] Seq=279688 Ack=71 Win=53 Len=1460 [TCP PDU reassembled in 308]"
"306","2.637351","104.18.32.47","192.168.1.40","TCP","1514","443  >  61146 [ACK] Seq=281148 Ack=71 Win=53 Len=1460 [TCP PDU reassembled in 308]"
"307","2.637351","104.18.32.47","192.168.1.40","TCP","1514","443  >  61146 [PSH, ACK] Seq=282608 Ack=71 Win=53 Len=1460 [TCP PDU reassembled in 308]"
"308","2.637351","104.18.32.47","192.168.1.40","TLSv1.2","519","Application Data"
"309","2.637351","104.18.32.47","192.168.1.40","TCP","1514","443  >  61146 [ACK] Seq=284533 Ack=71 Win=53 Len=1460 [TCP PDU reassembled in 313]"
"310","2.637351","104.18.32.47","192.168.1.40","TCP","1514","443  >  61146 [PSH, ACK] Seq=285993 Ack=71 Win=53 Len=1460 [TCP PDU reassembled in 313]"
"311","2.637351","104.18.32.47","192.168.1.40","TCP","1514","443  >  61146 [ACK] Seq=287453 Ack=71 Win=53 Len=1460 [TCP PDU reassembled in 313]"
"312","2.637351","104.18.32.47","192.168.1.40","TCP","1514","443  >  61146 [PSH, ACK] Seq=288913 Ack=71 Win=53 Len=1460 [TCP PDU reassembled in 313]"
"313","2.637351","104.18.32.47","192.168.1.40","TLSv1.2","519","Application Data"
"314","2.671878","104.18.32.47","192.168.1.40","TCP","1514","443  >  61146 [ACK] Seq=290838 Ack=71 Win=53 Len=1460 [TCP PDU reassembled in 318]"
"315","2.671878","104.18.32.47","192.168.1.40","TCP","1514","443  >  61146 [PSH, ACK] Seq=292298 Ack=71 Win=53 Len=1460 [TCP PDU reassembled in 318]"
"316","2.671878","104.18.32.47","192.168.1.40","TCP","1514","443  >  61146 [ACK] Seq=293758 Ack=71 Win=53 Len=1460 [TCP PDU reassembled in 318]"
"317","2.671878","104.18.32.47","192.168.1.40","TCP","1514","443  >  61146 [PSH, ACK] Seq=295218 Ack=71 Win=53 Len=1460 [TCP PDU reassembled in 318]"
"318","2.671878","104.18.32.47","192.168.1.40","TLSv1.2","519","Application Data"
"319","2.671995","192.168.1.40","104.18.32.47","TCP","54","61146  >  443 [ACK] Seq=71 Ack=297143 Win=514 Len=0"
"320","2.678225","104.18.32.47","192.168.1.40","TCP","1514","443  >  61146 [ACK] Seq=297143 Ack=71 Win=53 Len=1460 [TCP PDU reassembled in 324]"
"321","2.679976","104.18.32.47","192.168.1.40","TCP","1514","443  >  61146 [PSH, ACK] Seq=298603 Ack=71 Win=53 Len=1460 [TCP PDU reassembled in 324]"
"322","2.679976","104.18.32.47","192.168.1.40","TCP","1514","443  >  61146 [ACK] Seq=300063 Ack=71 Win=53 Len=1460 [TCP PDU reassembled in 324]"
"323","2.679976","104.18.32.47","192.168.1.40","TCP","1514","443  >  61146 [PSH, ACK] Seq=301523 Ack=71 Win=53 Len=1460 [TCP PDU reassembled in 324]"
"324","2.679976","104.18.32.47","192.168.1.40","TLSv1.2","519","Application Data"
"325","2.679976","104.18.32.47","192.168.1.40","TCP","1514","443  >  61146 [ACK] Seq=303448 Ack=71 Win=53 Len=1460 [TCP PDU reassembled in 330]"
"326","2.679976","104.18.32.47","192.168.1.40","TCP","1514","443  >  61146 [PSH, ACK] Seq=304908 Ack=71 Win=53 Len=1460 [TCP PDU reassembled in 330]"
"327","2.680042","192.168.1.40","104.18.32.47","TCP","54","61146  >  443 [ACK] Seq=71 Ack=306368 Win=514 Len=0"
"328","2.680061","104.18.32.47","192.168.1.40","TCP","1514","443  >  61146 [ACK] Seq=306368 Ack=71 Win=53 Len=1460 [TCP PDU reassembled in 330]"
"329","2.680061","104.18.32.47","192.168.1.40","TCP","1514","443  >  61146 [PSH, ACK] Seq=307828 Ack=71 Win=53 Len=1460 [TCP PDU reassembled in 330]"
"330","2.682360","104.18.32.47","192.168.1.40","TLSv1.2","551","Application Data"
"331","2.682360","104.18.32.47","192.168.1.40","TCP","1514","443  >  61146 [ACK] Seq=309785 Ack=71 Win=53 Len=1460 [TCP PDU reassembled in 336]"
"332","2.682360","104.18.32.47","192.168.1.40","TCP","1514","443  >  61146 [PSH, ACK] Seq=311245 Ack=71 Win=53 Len=1460 [TCP PDU reassembled in 336]"
"333","2.682360","104.18.32.47","192.168.1.40","TCP","1514","443  >  61146 [ACK] Seq=312705 Ack=71 Win=53 Len=1460 [TCP PDU reassembled in 336]"
"334","2.682360","104.18.32.47","192.168.1.40","TCP","1514","443  >  61146 [PSH, ACK] Seq=314165 Ack=71 Win=53 Len=1460 [TCP PDU reassembled in 336]"
"335","2.682413","192.168.1.40","104.18.32.47","TCP","54","61146  >  443 [ACK] Seq=71 Ack=315625 Win=514 Len=0"
"336","2.684835","104.18.32.47","192.168.1.40","TLSv1.2","551","Application Data"
"337","2.737943","192.168.1.40","104.18.32.47","TCP","54","61146  >  443 [ACK] Seq=71 Ack=316122 Win=512 Len=0"
"338","2.837241","104.18.32.47","192.168.1.40","TCP","1514","443  >  61146 [ACK] Seq=316122 Ack=71 Win=53 Len=1460 [TCP PDU reassembled in 341]"
"339","2.837241","104.18.32.47","192.168.1.40","TCP","1514","443  >  61146 [PSH, ACK] Seq=317582 Ack=71 Win=53 Len=1460 [TCP PDU reassembled in 341]"
"340","2.837241","104.18.32.47","192.168.1.40","TCP","1514","443  >  61146 [ACK] Seq=319042 Ack=71 Win=53 Len=1460 [TCP PDU reassembled in 341]"
"341","2.837241","104.18.32.47","192.168.1.40","TLSv1.2","1291","Application Data"
"342","2.837241","104.18.32.47","192.168.1.40","TLSv1.2","805","Application Data"
"343","2.879802","192.168.1.40","104.18.32.47","TCP","54","61146  >  443 [ACK] Seq=71 Ack=322490 Win=514 Len=0"
"344","2.891244","104.18.32.47","192.168.1.40","TCP","1514","443  >  61146 [ACK] Seq=322490 Ack=71 Win=53 Len=1460 [TCP PDU reassembled in 348]"
"345","2.891244","104.18.32.47","192.168.1.40","TCP","1514","443  >  61146 [PSH, ACK] Seq=323950 Ack=71 Win=53 Len=1460 [TCP PDU reassembled in 348]"
"346","2.891244","104.18.32.47","192.168.1.40","TCP","1514","443  >  61146 [ACK] Seq=325410 Ack=71 Win=53 Len=1460 [TCP PDU reassembled in 348]"
"347","2.891428","104.18.32.47","192.168.1.40","TCP","1514","443  >  61146 [PSH, ACK] Seq=326870 Ack=71 Win=53 Len=1460 [TCP PDU reassembled in 348]"
"348","2.891428","104.18.32.47","192.168.1.40","TLSv1.2","551","Application Data"
"349","2.891502","192.168.1.40","104.18.32.47","TCP","54","61146  >  443 [ACK] Seq=71 Ack=328827 Win=514 Len=0"
"350","2.894435","104.18.32.47","192.168.1.40","TCP","1514","443  >  61146 [ACK] Seq=328827 Ack=71 Win=53 Len=1460 [TCP PDU reassembled in 354]"
"351","2.895560","104.18.32.47","192.168.1.40","TCP","1514","443  >  61146 [PSH, ACK] Seq=330287 Ack=71 Win=53 Len=1460 [TCP PDU reassembled in 354]"
"352","2.895560","104.18.32.47","192.168.1.40","TCP","1514","443  >  61146 [ACK] Seq=331747 Ack=71 Win=53 Len=1460 [TCP PDU reassembled in 354]"
"353","2.895560","104.18.32.47","192.168.1.40","TCP","1514","443  >  61146 [PSH, ACK] Seq=333207 Ack=71 Win=53 Len=1460 [TCP PDU reassembled in 354]"
"354","2.895560","104.18.32.47","192.168.1.40","TLSv1.2","551","Application Data"
"355","2.895624","192.168.1.40","104.18.32.47","TCP","54","61146  >  443 [ACK] Seq=71 Ack=335164 Win=514 Len=0"
"356","2.906854","104.18.32.47","192.168.1.40","TCP","1514","443  >  61146 [ACK] Seq=335164 Ack=71 Win=53 Len=1460 [TCP PDU reassembled in 360]"
"357","2.906854","104.18.32.47","192.168.1.40","TCP","1514","443  >  61146 [PSH, ACK] Seq=336624 Ack=71 Win=53 Len=1460 [TCP PDU reassembled in 360]"
"358","2.906854","104.18.32.47","192.168.1.40","TCP","1514","443  >  61146 [ACK] Seq=338084 Ack=71 Win=53 Len=1460 [TCP PDU reassembled in 360]"
"359","2.906854","104.18.32.47","192.168.1.40","TCP","1514","443  >  61146 [PSH, ACK] Seq=339544 Ack=71 Win=53 Len=1460 [TCP PDU reassembled in 360]"
"360","2.906854","104.18.32.47","192.168.1.40","TLSv1.2","583","Application Data"
"361","2.910201","104.18.32.47","192.168.1.40","TCP","1514","443  >  61146 [ACK] Seq=341533 Ack=71 Win=53 Len=1460 [TCP PDU reassembled in 365]"
"362","2.910201","104.18.32.47","192.168.1.40","TCP","1514","443  >  61146 [PSH, ACK] Seq=342993 Ack=71 Win=53 Len=1460 [TCP PDU reassembled in 365]"
"363","2.910201","104.18.32.47","192.168.1.40","TCP","1514","443  >  61146 [ACK] Seq=344453 Ack=71 Win=53 Len=1460 [TCP PDU reassembled in 365]"
"364","2.910201","104.18.32.47","192.168.1.40","TCP","1514","443  >  61146 [PSH, ACK] Seq=345913 Ack=71 Win=53 Len=1460 [TCP PDU reassembled in 365]"
"365","2.910201","104.18.32.47","192.168.1.40","TLSv1.2","583","Application Data"
"366","2.910242","192.168.1.40","104.18.32.47","TCP","54","61146  >  443 [ACK] Seq=71 Ack=347902 Win=514 Len=0"
"367","2.910256","104.18.32.47","192.168.1.40","TCP","1514","443  >  61146 [ACK] Seq=347902 Ack=71 Win=53 Len=1460 [TCP PDU reassembled in 371]"
"368","2.913024","104.18.32.47","192.168.1.40","TCP","1514","443  >  61146 [PSH, ACK] Seq=349362 Ack=71 Win=53 Len=1460 [TCP PDU reassembled in 371]"
"369","2.913024","104.18.32.47","192.168.1.40","TCP","1514","443  >  61146 [ACK] Seq=350822 Ack=71 Win=53 Len=1460 [TCP PDU reassembled in 371]"
"370","2.913024","104.18.32.47","192.168.1.40","TCP","1514","443  >  61146 [PSH, ACK] Seq=352282 Ack=71 Win=53 Len=1460 [TCP PDU reassembled in 371]"
"371","2.913024","104.18.32.47","192.168.1.40","TLSv1.2","593","Application Data"
"372","2.913066","192.168.1.40","104.18.32.47","TCP","54","61146  >  443 [ACK] Seq=71 Ack=354281 Win=514 Len=0"
"373","2.914093","104.18.32.47","192.168.1.40","TCP","1514","443  >  61146 [ACK] Seq=354281 Ack=71 Win=53 Len=1460 [TCP PDU reassembled in 377]"
"374","2.914093","104.18.32.47","192.168.1.40","TCP","1514","443  >  61146 [PSH, ACK] Seq=355741 Ack=71 Win=53 Len=1460 [TCP PDU reassembled in 377]"
"375","2.914093","104.18.32.47","192.168.1.40","TCP","1514","443  >  61146 [ACK] Seq=357201 Ack=71 Win=53 Len=1460 [TCP PDU reassembled in 377]"
"376","2.914093","104.18.32.47","192.168.1.40","TCP","1514","443  >  61146 [PSH, ACK] Seq=358661 Ack=71 Win=53 Len=1460 [TCP PDU reassembled in 377]"
"377","2.914402","104.18.32.47","192.168.1.40","TLSv1.2","675","Application Data"
"378","2.914421","192.168.1.40","104.18.32.47","TCP","54","61146  >  443 [ACK] Seq=71 Ack=360742 Win=514 Len=0"
"379","2.916134","104.18.32.47","192.168.1.40","TCP","1514","443  >  61146 [ACK] Seq=360742 Ack=71 Win=53 Len=1460 [TCP PDU reassembled in 383]"
"380","2.916134","104.18.32.47","192.168.1.40","TCP","1514","443  >  61146 [PSH, ACK] Seq=362202 Ack=71 Win=53 Len=1460 [TCP PDU reassembled in 383]"
"381","2.916134","104.18.32.47","192.168.1.40","TCP","1514","443  >  61146 [ACK] Seq=363662 Ack=71 Win=53 Len=1460 [TCP PDU reassembled in 383]"
"382","2.916134","104.18.32.47","192.168.1.40","TCP","1514","443  >  61146 [PSH, ACK] Seq=365122 Ack=71 Win=53 Len=1460 [TCP PDU reassembled in 383]"
"383","2.916134","104.18.32.47","192.168.1.40","TLSv1.2","675","Application Data"
"384","2.958208","192.168.1.40","104.18.32.47","TCP","54","61146  >  443 [ACK] Seq=71 Ack=367203 Win=514 Len=0"
"385","4.469096","192.168.1.40","cache.google.com","TCP","54","61137  >  443 [FIN, ACK] Seq=1 Ack=1 Win=513 Len=0"
"386","4.469156","192.168.1.40","cache.google.com","TCP","54","61137  >  443 [RST, ACK] Seq=2 Ack=1 Win=0 Len=0"
"387","4.469189","192.168.1.40","cache.google.com","TCP","54","61138  >  443 [FIN, ACK] Seq=1 Ack=1 Win=513 Len=0"
"388","4.469269","192.168.1.40","cache.google.com","TCP","54","61138  >  443 [RST, ACK] Seq=2 Ack=1 Win=0 Len=0"
"389","4.469453","192.168.1.40","maa03s28-in-f4.1e100.net","TCP","66","61175  >  443 [SYN] Seq=0 Win=64240 Len=0 MSS=1460 WS=256 SACK_PERM"
"390","4.482939","maa03s28-in-f4.1e100.net","192.168.1.40","TCP","66","443  >  61175 [SYN, ACK] Seq=0 Ack=1 Win=65535 Len=0 MSS=1412 SACK_PERM WS=256"
"391","4.483196","192.168.1.40","maa03s28-in-f4.1e100.net","TCP","54","61175  >  443 [ACK] Seq=1 Ack=1 Win=131072 Len=0"
"392","4.487968","192.168.1.40","maa03s28-in-f4.1e100.net","TCP","1466","61175  >  443 [ACK] Seq=1 Ack=1 Win=131072 Len=1412 [TCP PDU reassembled in 393]"
"393","4.487968","192.168.1.40","maa03s28-in-f4.1e100.net","TLSv1.3","430","Client Hello (SNI=www.google.com)"
"394","4.498714","maa03s28-in-f4.1e100.net","192.168.1.40","TCP","60","443  >  61175 [ACK] Seq=1 Ack=1413 Win=68608 Len=0"
"395","4.498714","maa03s28-in-f4.1e100.net","192.168.1.40","TCP","60","443  >  61175 [ACK] Seq=1 Ack=1789 Win=71424 Len=0"
"396","4.533904","maa03s28-in-f4.1e100.net","192.168.1.40","TLSv1.3","1466","Server Hello, Change Cipher Spec"
"397","4.533904","maa03s28-in-f4.1e100.net","192.168.1.40","TCP","1466","443  >  61175 [PSH, ACK] Seq=1413 Ack=1789 Win=71424 Len=1412 [TCP PDU reassembled in 399]"
"398","4.533904","maa03s28-in-f4.1e100.net","192.168.1.40","TCP","1466","443  >  61175 [ACK] Seq=2825 Ack=1789 Win=71424 Len=1412 [TCP PDU reassembled in 399]"
"399","4.533904","maa03s28-in-f4.1e100.net","192.168.1.40","TLSv1.3","1168","Application Data"
"400","4.541934","192.168.1.40","maa03s28-in-f4.1e100.net","TLSv1.3","128","Change Cipher Spec, Application Data"
"401","4.557670","maa03s28-in-f4.1e100.net","192.168.1.40","TCP","60","443  >  61175 [ACK] Seq=5351 Ack=1863 Win=71424 Len=0"
"402","4.589269","104.18.32.47","192.168.1.40","TLSv1.2","287","Application Data"
"403","4.589269","104.18.32.47","192.168.1.40","TLSv1.2","99","Application Data"
"404","4.602391","104.18.32.47","192.168.1.40","TLSv1.2","85","Application Data"
"405","4.602675","192.168.1.40","104.18.32.47","TCP","54","61146  >  443 [ACK] Seq=71 Ack=367512 Win=512 Len=0"
"406","4.646748","192.168.1.40","104.18.32.47","TCP","1454","61146  >  443 [ACK] Seq=71 Ack=367512 Win=512 Len=1400 [TCP PDU reassembled in 409]"
"407","4.646748","192.168.1.40","104.18.32.47","TCP","1454","61146  >  443 [ACK] Seq=1471 Ack=367512 Win=512 Len=1400 [TCP PDU reassembled in 409]"
"408","4.646748","192.168.1.40","104.18.32.47","TCP","1454","61146  >  443 [ACK] Seq=2871 Ack=367512 Win=512 Len=1400 [TCP PDU reassembled in 409]"
"409","4.646748","192.168.1.40","104.18.32.47","TLSv1.2","1419","Application Data"
"410","4.649097","192.168.1.40","104.18.32.47","TLSv1.2","586","Application Data"
"411","4.679875","104.18.32.47","192.168.1.40","TCP","60","443  >  61146 [ACK] Seq=367512 Ack=1471 Win=53 Len=0"
"412","4.679875","104.18.32.47","192.168.1.40","TCP","60","443  >  61146 [ACK] Seq=367512 Ack=2871 Win=53 Len=0"
"413","4.679875","104.18.32.47","192.168.1.40","TCP","60","443  >  61146 [ACK] Seq=367512 Ack=4271 Win=54 Len=0"
"414","4.679875","104.18.32.47","192.168.1.40","TCP","60","443  >  61146 [ACK] Seq=367512 Ack=5636 Win=54 Len=0"
"415","4.679875","104.18.32.47","192.168.1.40","TCP","60","443  >  61146 [ACK] Seq=367512 Ack=6168 Win=54 Len=0"
"416","4.683065","192.168.1.40","104.18.32.47","TCP","1454","61146  >  443 [ACK] Seq=6168 Ack=367512 Win=512 Len=1400 [TCP PDU reassembled in 419]"
"417","4.683065","192.168.1.40","104.18.32.47","TCP","1454","61146  >  443 [ACK] Seq=7568 Ack=367512 Win=512 Len=1400 [TCP PDU reassembled in 419]"
"418","4.683065","192.168.1.40","104.18.32.47","TCP","1454","61146  >  443 [ACK] Seq=8968 Ack=367512 Win=512 Len=1400 [TCP PDU reassembled in 419]"
"419","4.683065","192.168.1.40","104.18.32.47","TLSv1.2","1445","Application Data"
"420","4.691687","192.168.1.40","104.18.32.47","TCP","1454","61146  >  443 [ACK] Seq=11759 Ack=367512 Win=512 Len=1400 [TCP PDU reassembled in 423]"
"421","4.691687","192.168.1.40","104.18.32.47","TCP","1454","61146  >  443 [ACK] Seq=13159 Ack=367512 Win=512 Len=1400 [TCP PDU reassembled in 423]"
"422","4.691687","192.168.1.40","104.18.32.47","TCP","1454","61146  >  443 [ACK] Seq=14559 Ack=367512 Win=512 Len=1400 [TCP PDU reassembled in 423]"
"423","4.691687","192.168.1.40","104.18.32.47","TLSv1.2","1454","Application Data"
"424","4.691687","192.168.1.40","104.18.32.47","TLSv1.2","402","Application Data"
"425","4.717063","104.18.32.47","192.168.1.40","TCP","60","443  >  61146 [ACK] Seq=367512 Ack=7568 Win=55 Len=0"
"426","4.717063","104.18.32.47","192.168.1.40","TCP","60","443  >  61146 [ACK] Seq=367512 Ack=8968 Win=55 Len=0"
"427","4.717063","104.18.32.47","192.168.1.40","TCP","60","443  >  61146 [ACK] Seq=367512 Ack=10368 Win=55 Len=0"
"428","4.717063","104.18.32.47","192.168.1.40","TCP","60","443  >  61146 [ACK] Seq=367512 Ack=11759 Win=56 Len=0"
"429","4.723075","104.18.32.47","192.168.1.40","TCP","60","443  >  61146 [ACK] Seq=367512 Ack=13159 Win=56 Len=0"
"430","4.723075","104.18.32.47","192.168.1.40","TCP","60","443  >  61146 [ACK] Seq=367512 Ack=14559 Win=57 Len=0"
"431","4.723075","104.18.32.47","192.168.1.40","TCP","60","443  >  61146 [ACK] Seq=367512 Ack=15959 Win=57 Len=0"
"432","4.723075","104.18.32.47","192.168.1.40","TCP","60","443  >  61146 [ACK] Seq=367512 Ack=17359 Win=57 Len=0"
"433","4.723075","104.18.32.47","192.168.1.40","TCP","60","443  >  61146 [ACK] Seq=367512 Ack=17707 Win=58 Len=0"
"434","5.009894","104.18.32.47","192.168.1.40","TLSv1.2","585","Application Data"
"435","5.009894","104.18.32.47","192.168.1.40","TLSv1.2","136","Application Data, Application Data"
"436","5.032406","104.18.32.47","192.168.1.40","TLSv1.2","322","Application Data"
"437","5.032406","104.18.32.47","192.168.1.40","TLSv1.2","101","Application Data"
"438","5.032406","104.18.32.47","192.168.1.40","TLSv1.2","85","Application Data"
"439","5.032464","192.168.1.40","104.18.32.47","TCP","54","61146  >  443 [ACK] Seq=17707 Ack=368471 Win=509 Len=0"
"440","5.316465","192.168.1.40","mars.octa.edu","DNS","97","Standard query 0x9ee7 PTR 57.60.149.180.in-addr.arpa OPT"
"441","5.316599","192.168.1.40","mars.octa.edu","DNS","98","Standard query 0xf820 PTR 196.31.217.172.in-addr.arpa OPT"
"442","5.342683","mars.octa.edu","192.168.1.40","DNS","127","Standard query response 0x9ee7 PTR 57.60.149.180.in-addr.arpa PTR cache.google.com OPT"
"443","5.342683","mars.octa.edu","192.168.1.40","DNS","136","Standard query response 0xf820 PTR 196.31.217.172.in-addr.arpa PTR maa03s28-in-f4.1e100.net OPT"
"444","5.435116","192.168.1.40","104.18.32.47","TLSv1.2","1454","Ignored Unknown Record"
"445","5.435116","192.168.1.40","104.18.32.47","TLSv1.2","865","Ignored Unknown Record"
"446","5.505941","104.18.32.47","192.168.1.40","TCP","60","443  >  61158 [ACK] Seq=1 Ack=1402 Win=25 Len=0"
"447","5.505941","104.18.32.47","192.168.1.40","TLSv1.2","93","Application Data"
"448","5.512260","104.18.32.47","192.168.1.40","TCP","60","443  >  61158 [ACK] Seq=40 Ack=2213 Win=25 Len=0"
"449","5.547576","104.18.32.47","192.168.1.40","TLSv1.2","821","Application Data"
"450","5.547576","104.18.32.47","192.168.1.40","TLSv1.2","101","Application Data"
"451","5.547576","104.18.32.47","192.168.1.40","TLSv1.2","85","Application Data"
"452","5.547875","192.168.1.40","104.18.32.47","TCP","54","61158  >  443 [ACK] Seq=2213 Ack=885 Win=514 Len=0"
"453","5.556149","192.168.1.40","104.18.32.47","TLSv1.2","89","Application Data"
"454","5.589753","104.18.32.47","192.168.1.40","TCP","60","443  >  61158 [ACK] Seq=885 Ack=2248 Win=25 Len=0"
"455","5.880303","192.168.1.40","24.224.186.35.bc.googleusercontent.com","TCP","55","60994  >  443 [ACK] Seq=1 Ack=1 Win=511 Len=1"
"456","5.891888","24.224.186.35.bc.googleusercontent.com","192.168.1.40","TCP","66","443  >  60994 [ACK] Seq=1 Ack=2 Win=433 Len=0 SLE=1 SRE=2"
"457","6.321352","192.168.1.40","mars.octa.edu","DNS","97","Standard query 0x60e1 PTR 24.224.186.35.in-addr.arpa OPT"
"458","6.353135","mars.octa.edu","192.168.1.40","DNS","149","Standard query response 0x60e1 PTR 24.224.186.35.in-addr.arpa PTR 24.224.186.35.bc.googleusercontent.com OPT"
"459","6.681309","104.18.32.47","192.168.1.40","TLSv1.2","410","Application Data"
"460","6.681309","104.18.32.47","192.168.1.40","TLSv1.2","100","Application Data"
"461","6.681309","104.18.32.47","192.168.1.40","TLSv1.2","85","Application Data"
"462","6.728645","192.168.1.40","104.18.32.47","TCP","54","61146  >  443 [ACK] Seq=17707 Ack=368904 Win=514 Len=0"
"463","8.269389","192.168.1.1","all-systems.mcast.net","IGMPv3","50","Membership Query, general"
"464","9.322117","192.168.1.40","52.123.160.68","TLSv1.2","104","Application Data"
"465","9.323098","192.168.1.40","mars.octa.edu","DNS","95","Standard query 0x9e83 PTR 1.1.168.192.in-addr.arpa OPT"
"466","9.323189","192.168.1.40","mars.octa.edu","DNS","93","Standard query 0xcddd PTR 1.0.0.224.in-addr.arpa OPT"
"467","9.330030","mars.octa.edu","192.168.1.40","DNS","95","Standard query response 0x9e83 No such name PTR 1.1.168.192.in-addr.arpa OPT"
"468","9.336839","mars.octa.edu","192.168.1.40","DNS","128","Standard query response 0xcddd PTR 1.0.0.224.in-addr.arpa PTR all-systems.mcast.net OPT"
"469","9.498138","52.123.160.68","192.168.1.40","TLSv1.2","93","Application Data"
"470","9.541105","192.168.1.40","52.123.160.68","TCP","54","57495  >  443 [ACK] Seq=51 Ack=40 Win=511 Len=0"
"471","9.660247","192.168.1.40","maa03s45-in-f14.1e100.net","TLSv1.2","780","Application Data"
"472","9.660650","192.168.1.40","maa03s45-in-f14.1e100.net","TLSv1.2","975","Application Data, Application Data"
"473","9.671359","maa03s45-in-f14.1e100.net","192.168.1.40","TCP","60","443  >  57511 [ACK] Seq=1 Ack=727 Win=489 Len=0"
"474","9.671359","maa03s45-in-f14.1e100.net","192.168.1.40","TCP","60","443  >  57511 [ACK] Seq=1 Ack=1648 Win=489 Len=0"
"475","9.672866","192.168.1.40","maa03s43-in-f14.1e100.net","TCP","1466","57500  >  443 [ACK] Seq=1 Ack=1 Win=512 Len=1412 [TCP PDU reassembled in 477]"
"476","9.672866","192.168.1.40","maa03s43-in-f14.1e100.net","TCP","1466","57500  >  443 [ACK] Seq=1413 Ack=1 Win=512 Len=1412 [TCP PDU reassembled in 477]"
"477","9.672866","192.168.1.40","maa03s43-in-f14.1e100.net","TLSv1.2","900","Application Data"
"478","9.673070","192.168.1.40","maa03s43-in-f14.1e100.net","TLSv1.2","350","Application Data, Application Data"
"479","9.673467","192.168.1.40","maa03s45-in-f14.1e100.net","TLSv1.2","1466","Application Data"
"480","9.673467","192.168.1.40","maa03s45-in-f14.1e100.net","TLSv1.2","703","Application Data"
"481","9.677736","maa03s45-in-f14.1e100.net","192.168.1.40","TLSv1.2","93","Application Data"
"482","9.683633","maa03s43-in-f14.1e100.net","192.168.1.40","TCP","60","443  >  57500 [ACK] Seq=1 Ack=1413 Win=2048 Len=0"
"483","9.683633","maa03s43-in-f14.1e100.net","192.168.1.40","TCP","60","443  >  57500 [ACK] Seq=1 Ack=2825 Win=2048 Len=0"
"484","9.683633","maa03s43-in-f14.1e100.net","192.168.1.40","TCP","60","443  >  57500 [ACK] Seq=1 Ack=3671 Win=2048 Len=0"
"485","9.683633","maa03s43-in-f14.1e100.net","192.168.1.40","TCP","60","443  >  57500 [ACK] Seq=1 Ack=3967 Win=2048 Len=0"
"486","9.683633","maa03s45-in-f14.1e100.net","192.168.1.40","TCP","60","443  >  57511 [ACK] Seq=40 Ack=3709 Win=511 Len=0"
"487","9.683633","maa03s43-in-f14.1e100.net","192.168.1.40","TLSv1.2","93","Application Data"
"488","9.729038","192.168.1.40","maa03s45-in-f14.1e100.net","TCP","54","57511  >  443 [ACK] Seq=3709 Ack=40 Win=512 Len=0"
"489","9.729038","192.168.1.40","maa03s43-in-f14.1e100.net","TCP","54","57500  >  443 [ACK] Seq=3967 Ack=40 Win=512 Len=0"
"490","9.759855","maa03s43-in-f14.1e100.net","192.168.1.40","TLSv1.2","135","Application Data"
"491","9.759855","maa03s43-in-f14.1e100.net","192.168.1.40","TLSv1.2","85","Application Data"
"492","9.759855","maa03s43-in-f14.1e100.net","192.168.1.40","TLSv1.2","93","Application Data"
"493","9.763292","192.168.1.40","maa03s43-in-f14.1e100.net","TLSv1.2","93","Application Data"
"494","9.766942","maa03s45-in-f14.1e100.net","192.168.1.40","TLSv1.2","312","Application Data"
"495","9.766942","maa03s45-in-f14.1e100.net","192.168.1.40","TLSv1.2","403","Application Data"
"496","9.768572","192.168.1.40","maa03s45-in-f14.1e100.net","TLSv1.2","89","Application Data"
"497","9.770245","maa03s45-in-f14.1e100.net","192.168.1.40","TLSv1.2","85","Application Data"
"498","9.770245","maa03s45-in-f14.1e100.net","192.168.1.40","TLSv1.2","93","Application Data"
"499","9.772376","192.168.1.40","maa03s45-in-f14.1e100.net","TLSv1.2","93","Application Data"
"500","9.779874","maa03s43-in-f14.1e100.net","192.168.1.40","TCP","60","443  >  57500 [ACK] Seq=191 Ack=4006 Win=2048 Len=0"
"501","9.781777","maa03s45-in-f14.1e100.net","192.168.1.40","TCP","60","443  >  57511 [ACK] Seq=717 Ack=3783 Win=511 Len=0"
"502","9.792230","maa03s45-in-f14.1e100.net","192.168.1.40","TLSv1.2","288","Application Data"
"503","9.792230","maa03s45-in-f14.1e100.net","192.168.1.40","TLSv1.2","453","Application Data"
"504","9.792230","maa03s45-in-f14.1e100.net","192.168.1.40","TLSv1.2","85","Application Data"
"505","9.792230","maa03s45-in-f14.1e100.net","192.168.1.40","TLSv1.2","93","Application Data"
"506","9.794994","192.168.1.40","maa03s45-in-f14.1e100.net","TLSv1.2","93","Application Data"
"507","9.810472","maa03s45-in-f14.1e100.net","192.168.1.40","TCP","60","443  >  57511 [ACK] Seq=1420 Ack=3822 Win=511 Len=0"
"508","10.310392","192.168.1.40","mars.octa.edu","DNS","97","Standard query 0x9273 PTR 68.160.123.52.in-addr.arpa OPT"
"509","10.310466","192.168.1.40","mars.octa.edu","DNS","98","Standard query 0x3e0d PTR 46.196.250.142.in-addr.arpa OPT"
"510","10.310616","192.168.1.40","mars.octa.edu","DNS","99","Standard query 0x6a83 PTR 238.195.250.142.in-addr.arpa OPT"
"511","10.318031","mars.octa.edu","192.168.1.40","DNS","138","Standard query response 0x6a83 PTR 238.195.250.142.in-addr.arpa PTR maa03s43-in-f14.1e100.net OPT"
"512","10.318031","mars.octa.edu","192.168.1.40","DNS","137","Standard query response 0x3e0d PTR 46.196.250.142.in-addr.arpa PTR maa03s45-in-f14.1e100.net OPT"
"513","10.350334","mars.octa.edu","192.168.1.40","DNS","183","Standard query response 0x9273 No such name PTR 68.160.123.52.in-addr.arpa SOA ns1-05.azure-dns.com OPT"
